{"stats":{"minecraft:mined":{"minecraft:grass":2,"minecraft:oak_log":6,"minecraft:oak_leaves":3},"minecraft:custom":{"minecraft:jump":34,"minecraft:time_since_rest":5688,"minecraft:crouch_one_cm":357,"minecraft:sprint_one_cm":7325,"minecraft:play_time":5688,"minecraft:time_since_death":5688,"minecraft:walk_one_cm":12915,"minecraft:sneak_time":99,"minecraft:total_world_time":5688,"minecraft:fall_one_cm":420,"minecraft:fly_one_cm":8682},"minecraft:picked_up":{"minecraft:oak_log":6,"minecraft:apple":1,"minecraft:oak_sapling":4}},"DataVersion":3465}