{"stats":{"minecraft:killed_by":{"minecraft:husk":2,"minecraft:skeleton":1},"minecraft:crafted":{"minecraft:oak_planks":44,"minecraft:stone_axe":1,"minecraft:crafting_table":1,"minecraft:stick":8,"minecraft:wooden_pickaxe":1,"minecraft:stone_pickaxe":1},"minecraft:mined":{"minecraft:grass":2,"minecraft:oak_log":11,"minecraft:coal_ore":9,"minecraft:oak_sapling":2,"minecraft:stone":14,"minecraft:oak_leaves":8,"minecraft:crafting_table":1},"minecraft:custom":{"minecraft:damage_taken":880,"minecraft:time_since_rest":258,"minecraft:play_time":13735,"minecraft:crouch_one_cm":897,"minecraft:walk_one_cm":29804,"minecraft:sprint_one_cm":23593,"minecraft:deaths":3,"minecraft:sneak_time":231,"minecraft:walk_under_water_one_cm":188,"minecraft:jump":189,"minecraft:damage_dealt":304,"minecraft:leave_game":2,"minecraft:time_since_death":233,"minecraft:walk_on_water_one_cm":1605,"minecraft:total_world_time":13735,"minecraft:climb_one_cm":57,"minecraft:swim_one_cm":18030,"minecraft:interact_with_crafting_table":5,"minecraft:fall_one_cm":6036,"minecraft:fly_one_cm":35811},"minecraft:picked_up":{"minecraft:stick":1,"minecraft:crafting_table":1,"minecraft:apple":3,"minecraft:oak_log":11,"alexsmobs:raccoon_tail":1,"minecraft:oak_sapling":7,"minecraft:coal":9,"minecraft:cobblestone":14},"minecraft:used":{"minecraft:stone_axe":5,"minecraft:crafting_table":1,"minecraft:oak_sapling":7,"minecraft:stone_pickaxe":10,"minecraft:wooden_pickaxe":13}},"DataVersion":3465}