{"stats":{"minecraft:killed_by":{"mowziesmobs:naga":1,"minecraft:husk":1},"minecraft:dropped":{"minecraft:ink_sac":3,"alexsmobs:raccoon_tail":1},"minecraft:mined":{"minecraft:grass":1,"minecraft:jungle_leaves":1},"minecraft:killed":{"alexsmobs:raccoon":1},"minecraft:custom":{"minecraft:time_since_rest":2020,"minecraft:crouch_one_cm":2066,"minecraft:deaths":2,"minecraft:play_time":10218,"minecraft:sprint_one_cm":20576,"minecraft:damage_taken":550,"minecraft:walk_one_cm":26239,"minecraft:sneak_time":1034,"minecraft:walk_under_water_one_cm":2545,"minecraft:mob_kills":1,"minecraft:drop":4,"minecraft:jump":193,"minecraft:damage_dealt":173,"minecraft:leave_game":1,"minecraft:time_since_death":1986,"minecraft:walk_on_water_one_cm":6161,"minecraft:total_world_time":10218,"minecraft:climb_one_cm":1233,"minecraft:swim_one_cm":15913,"minecraft:interact_with_crafting_table":1,"minecraft:fall_one_cm":4987,"minecraft:fly_one_cm":21005,"minecraft:open_barrel":3},"minecraft:picked_up":{"minecraft:ink_sac":3,"alexsmobs:raccoon_tail":1},"minecraft:used":{"alexsmobs:animal_dictionary":1}},"DataVersion":3465}